"","baseMean","log2FoldChange","lfcSE","stat","pvalue","padj"
"EU778942.1.1391",1.07253116254043,-1.45215366163844,3.80045184431162,-0.382100266264911,0.702386994325286,NA
"FJ900888.1.1397",2.99598699739057,-1.24958347479292,1.92465742666015,-0.649249813231085,0.516176918912952,NA
"GU361882.1.1515",1.64166525903525,0,2.84726211417685,0,1,NA
"AY422712.1.1545",2.05746384974597,0,4.07865817166032,0,1,NA
"DQ794506.1.1387",0.280040035889852,-0.850619257796091,5.10346554784277,-0.166674831018629,0.867625910421927,NA
"FJ557977.1.1384",6156.09342978259,-4.11455564066213,1.76999793643531,-2.32461041674921,0.0200928012928,0.0999197488732003
"HQ876461.1.1511",9.71166448932615,-1.68862938956544,1.31124626308335,-1.28780492048434,0.1978138790379,0.458818302768463
"AUIB01000007.114179.115679",1.07699060126775,1.20682964014335,3.52382326410345,0.342477346249769,0.731991689469157,NA
"KC283048.1.1543",0.516735080710269,0,2.81331657326515,0,1,NA
"KF842558.1.1416",8.875116638186,0,2.05205904594074,0,1,1
"GQ448359.1.1396",9.51426792995631,-0.981282068202316,2.0733036266979,-0.473293952495121,0.636003476064669,0.857440349437995
"FJ470572.1.1360",0.993479578505147,0,3.08311711659929,0,1,NA
"GARB01003133.115.1632",2.00702915208139,0,2.47332051240523,0,1,NA
"DQ796089.1.1390",0.469043446038282,0,5.14181680559462,0,1,NA
"GABT01019963.848.2718",0.80036824818406,-3.53741292757371,4.20370768556641,-0.841498313434008,0.400068829476335,NA
"HQ323458.1.1504",2.73108917820508,0,2.88137063467873,0,1,NA
"EF648100.1.1506",0.752842561169435,0,3.51416922194431,0,1,NA
"FR873975.1.1545",1.76196650787314,-1.80075184371514,2.96089590039917,-0.608178032693543,0.543069402471757,NA
"KF928780.1.1519",0.00499833259720206,0,5.14181689022179,0,1,NA
"GU553044.1.1341",0.600804363147779,0,3.79835548314813,0,1,NA
"FJ957564.1.1515",2511.00818989379,-0.0392124420124978,0.974253642475337,-0.0402486994176062,0.967894852540265,1
"JUYT01000096.171.1693",173.790836355656,-2.80235162837624,2.02275131416358,-1.38541579914139,0.165925362748098,0.432961493420818
"FJ557934.1.1411",5.10379577692654,-2.18968133926978,1.59077772852596,-1.37648478477177,0.168671594739092,0.433356251098898
"JF697561.1.1506",0.59581805089657,0,4.27801628738685,0,1,NA
"GAON01156409.139.1558",0.245173525801773,0,3.49646380673999,0,1,NA
"HM066712.1.1464",2.57901438277869,-1.45051173934587,2.5417076984907,-0.570683930417018,0.568213913669719,NA
"KF842545.1.1386",3.83510529374154,0,2.64240322493356,0,1,NA
"FJ957846.1.1474",5.50370997059425,-2.50560448660911,1.31458446546638,-1.90600494105199,0.0566495645964684,0.205662549730657
"HQ327111.1.1473",12.4614502646701,0,2.55154446845766,0,1,1
"HQ728404.1.1491",1.26867128827622,0,4.09901418803613,0,1,NA
"KC991107.1.1597",0.892071177005414,-0.372335697074528,1.93094621560373,-0.192825514281926,0.847095620953377,NA
"GQ175334.1.1521",41.1294890124094,-1.52595290051298,1.42715481809829,-1.06922730537836,0.284967257699721,0.543473532250695
"JN866570.1.1464",511.717478879698,-5.94995466545395,1.59191886389064,-3.7375991957984,0.000185785800243585,0.0018250722729811
"EU328097.1.1450",5.94471032313106,-0.222236699636797,1.3799582143302,-0.161045963079878,0.872057199779602,1
"HK556770.9.1472",0.178148908179139,0,5.14181683690163,0,1,NA
"KF906841.1.1487",9.62671276744308,-2.82948823346268,2.30637705510907,-1.22681077978764,0.219893718252785,0.476912349976818
"EF600592.1.1339",14.8532033150566,-0.769449586931364,2.05330977026234,-0.374736241981186,0.707856635879284,0.923531704623753
"FJ671786.1.1387",67.8019070281153,4.68297084730462,1.85477914377711,2.52481319030153,0.0115759805925857,0.0715995836652522
"AAAA02020712.626.2096",1.01729228494058,-2.36799618573526,3.40699551824895,-0.695039419057499,0.487030598383117,NA
"FLKC01000026.136.1601",0.689410415484647,0,4.65999312838209,0,1,NA
"KF906835.1.1540",4.54540282668204,17.600305352502,4.10417131495128,4.28839441676934,1.79969311398299e-05,0.000250457291695967
"FM179752.1.1686",4.8753863320433,-2.33946110180985,4.04039464843383,-0.579017968632516,0.562577048888554,0.787516154504038
"AB249372.1.1472",0.516072768377831,0,5.14181680250107,0,1,NA
"AB546058.1.1480",0.482076586984108,0,5.14181677257923,0,1,NA
"JF766389.1.1513",1.46351775132024,-2.97483559356156,2.88334938672983,-1.03172914363163,0.302199020764423,NA
"EF511052.1.1484",1.31164317023218,0,2.79812673935256,0,1,NA
"KF841934.1.1385",1.21980729191376,-0.448034466215625,4.78957305963217,-0.0935437168694183,0.92547162088827,NA
"KJ890498.1.1488",3.51809466733517,0,2.15247808681858,0,1,NA
"JF766379.1.1511",303.340224545893,-11.4582914143755,2.39203218867841,-4.79019114734662,1.6662250915524e-06,3.97513700413217e-05
"GU563744.1.1502",10.4397283977012,-5.18196908013941,2.08763467392691,-2.4822202585819,0.0130566541281879,0.077873615693121
"GQ491124.1.1360",1.41846177832961,0,3.08557526991137,0,1,NA
"JN178097.1.1437",0.215187543284348,0,5.14181683087458,0,1,NA
"HM445996.1.1494",0.570379703139915,-2.65255907416968,5.14181679931246,-0.515879732339817,0.605938410448362,NA
"D14153.1.1370",4.27724638196038,1.73675765707735,2.08367413525059,0.833507326167622,0.404558667747044,NA
"HQ682006.1.1451",1.54573468076084,-1.95147575916954,3.41373395113733,-0.571654319610753,0.567556187454848,NA
"GQ258634.1.1318",639.895085429214,-8.1742072976694,1.74360401500548,-4.68810993053586,2.75739894157749e-06,5.75607029054301e-05
"JN245722.1.1456",0.154122491912331,0,5.14181684173493,0,1,NA
"JN178390.1.1481",0.389496767743383,0,4.93209363092674,0,1,NA
"JF830179.1.1509",3.92193032369158,-3.74444685566424,4.0532401825666,-0.923815684984447,0.35558228738067,NA
"AYSG01000002.292.2076",10.4587876149277,-2.16209978304714,1.98941413968445,-1.08680225998096,0.277124208773322,0.538136544943543
"HM445342.1.1490",0.095183908595235,0,5.14181685857254,0,1,NA
"KF842592.1.1369",0.283809179572367,0,5.14181682183675,0,1,NA
"GQ472403.1.1419",1.78611661983356,0,4.05494251619073,0,1,NA
"JF733429.1.1501",7.32700352037987,-2.53729405202855,2.03632780340503,-1.24601454038286,0.212759057074724,0.467510033308934
"HM584364.1.1482",0.31987371150238,0,4.44546869573215,0,1,NA
"JQ455220.1.1409",2.44975011912225,0,2.40691406136364,0,1,NA
"FJ558013.1.1408",2.79835382644584,0,3.38063740598293,0,1,NA
"EU844911.1.1328",6.91419735176688,17.4114740552662,5.10404487933979,3.41130896511991,0.000646517871653624,0.00599824914256417
"JN178118.1.1477",0.779381310355382,0,3.16756792387144,0,1,NA
"JQ769625.1.1444",5.001418180858,-1.78783741903454,3.25405538811153,-0.549418250705345,0.582718452087309,0.804247780980005
"HM066409.1.1463",0.464096193604617,0,3.47371770712553,0,1,NA
"GQ175351.1.1519",8.88501686547264,2.77839304034108,2.97546126662456,0.93376884838194,0.35042314183871,0.578162422871679
"GU272313.1.1510",2.1534105641539,0,4.12967876268208,0,1,NA
"GDHX01215805.4.1493",0.138281133844564,0,5.14181684502267,0,1,NA
"JX548419.1.1509",2.62955261203319,-3.11687883997752,1.74388095087829,-1.78732317616505,0.0738852702723868,NA
"ACOR01000003.1451.2935",8.73036148387799,-4.94615255751798,1.59182359288367,-3.10722405399066,0.00188853205699282,0.0143356751599
"GU906249.1.1413",11.9163414790977,-3.35929521208307,1.92377952792253,-1.74619552985406,0.0807769813218599,0.26450501726962
"HK557047.45.1575",228.097240835082,-3.22375171214779,1.33432364250489,-2.41601932953531,0.0156912283359166,0.0903598321413126
"KF010693.1.1489",0.677465216394013,0,5.14181679368931,0,1,NA
"JAHK01000002.1485485.1487033",270.851002644171,-9.44423097933181,2.12474994789371,-4.44486702479696,8.79462472560008e-06,0.000146870232917521
"FJ557790.1.1378",282.769387361813,-0.51531178054121,1.09679271342645,-0.469835160493857,0.638472791819158,0.857440349437995
"CBVZ010000002.74463.76000",1.36657965670659,-3.28000390802607,5.13982111046785,-0.638155266016156,0.523372613763096,NA
"LHTF01000009.1335.2930",3.3232031882422,-5.54649273252964,5.12099007944266,-1.08308991942693,0.278768512938888,NA
"JN030530.1.1460",107.096175524504,0.216408357152396,2.2972811275553,0.0942019479273274,0.924948737434938,1
"GU272317.1.1456",1.29566085848439,0,3.10969393310334,0,1,NA
"KF842051.1.1404",1.66939785238287,0,3.15911236024268,0,1,NA
"JX097321.1.1494",9.00899751125771,-2.97426610855427,2.9229994162313,-1.0175390703256,0.308897055741376,0.554686110847418
"CZPX01000003.3659.5189",2.20373935876928,-3.93145562063573,2.09979768111098,-1.87230210605607,0.0611648195736298,NA
"GBFX01069610.194.1692",2.22592659988004,-1.60058970086932,2.2581512758931,-0.708805347966018,0.478445278578733,NA
"FN668057.1.1443",1.01675339818353,0,3.77133484666425,0,1,NA
"AB636947.1.1425",0.402880005580139,0,4.92684104880826,0,1,NA
"FJ983016.1.1511",3.76246914215677,-2.48181970133744,2.4811967403044,-1.0002510728081,0.317189018577591,NA
"GU553025.1.1449",1.53916705670412,-2.97553622651172,2.83834291348922,-1.04833570756038,0.294483963585858,NA
"HK555681.1.1458",9.97350661540967,-2.7756603346018,1.94033516198358,-1.43050561005361,0.152571956840616,0.404436774482267
"FJ957654.1.1486",0.0654448025795165,0,5.1418168469234,0,1,NA
"CSCC01000023.50.1885",85.1729164992396,-1.54227761891284,1.57774184930612,-0.977522159021851,0.328310712971833,0.568060298021115
"KF842066.1.1423",1.67519429724396,-2.409684014918,1.8881357710219,-1.27622390926571,0.201876379074543,NA
"KJ890494.1.1487",5.05378049039883,0,2.31153922590127,0,1,1
"AY773136.1.1509",1.49921590287478,-2.66058512935805,3.72372886057108,-0.714494859582774,0.474921233643608,NA
"KF843576.1.1351",0.187994621289333,0,5.14181683523478,0,1,NA
"HQ327216.1.1492",0.649287393634443,0,4.24128827146287,0,1,NA
"FJ957443.1.1492",497.643350742978,-3.00214217316115,1.40541924797114,-2.13611858347253,0.0326697493987734,0.129901146418932
"HM587324.1.1489",9.59821760657776,-2.41532220894951,1.9350365026366,-1.24820498510415,0.21195599882658,0.467510033308934
"CP012945.1523999.1525460",0.388260356045998,0,4.91598479909373,0,1,NA
"GQ340268.1.1348",2.7353737732149,-2.98103254763403,2.54456418163568,-1.17152971386942,0.241385921347429,NA
"JVEO01000014.1806.3342",0.611208410956814,0,4.20527357897237,0,1,NA
"KJ809335.1.1477",8.83630818884174,-2.97135608226777,3.14201562205745,-0.945684694057017,0.344309431552177,0.574996750692136
"AGEI01000004.3703.5220",41.2766345906462,5.37876583030288,2.4410201169752,2.2034909884184,0.0275601614348906,0.116791059324475
"DQ804527.1.1389",2.40306809293281,-3.10149896609827,3.20076715379151,-0.968986126474195,0.332552111264627,NA
"AJ879127.1.1445",0.880575837780898,0,3.80785768583587,0,1,NA
"GAYX01056574.118.1534",2.68160320696224,0,3.25990545798681,0,1,NA
"GALO01006443.2.1478",0.0498753228607363,0,5.14181685395067,0,1,NA
"GQ360006.1.1437",66.7775827779986,-2.48040743114232,0.869717987973821,-2.85196749456789,0.00434495434686721,0.0315481467794271
"JX843606.1.1504",5.33772696265031,-2.08774740026754,2.15191237842749,-0.970182346268749,0.331955608700344,0.568060298021115
"FJ557873.1.1382",1.06761039555343,-3.97655193571766,1.61181572084027,-2.46712566722244,0.0136202547737585,NA
"EF510348.1.1506",75.9516592144719,-0.879538353593153,1.86184823400407,-0.472400670220916,0.63664082606712,0.857440349437995
"JN685504.1.1473",3.77038794416639,0,2.3728348551648,0,1,NA
"GQ491298.1.1331",1.10148116851871,0,5.14181677791738,0,1,NA
"AYLG01000126.503.2011",1.69699391541376,-0.645853157732013,3.92172940916508,-0.164685803212903,0.869191291794459,NA
"AB627071.1.1445",0.679751828941944,0,3.74409397515808,0,1,NA
"JN626188.1.1506",7.05673810000256,-6.62679452622545,4.87806980317518,-1.35848702327138,0.17430919748201,0.434472178798442
"D14139.1.1375",4.54570397627597,0.160845346435249,2.40560592732319,0.0668627162114737,0.946690994740228,1
"KF712568.1.1452",2.38579417969184,0,3.09019861225139,0,1,NA
"JN695884.1.1564",18.2561157733024,3.34603527136402,3.715757875376,0.900498736351445,0.36785489748914,0.580741712292099
"JF766568.1.1454",1.493839064697,0,4.11045965431551,0,1,NA
"JX290307.1.1514",0.626828186849981,0,5.14181679620988,0,1,NA
"KF842633.1.1402",2.79650564716748,0,2.32832528911591,0,1,NA
"KU515298.1.1494",0.196261074614867,0,5.14181683378678,0,1,NA
"KF842917.1.1421",23.2879121801369,-0.265690645057136,2.91891183961606,-0.0910238676794308,0.927473626112452,1
"HM587320.1.1480",0.770056097313961,-2.67099066683461,2.91598314341847,-0.915982889977667,0.359675869097632,NA
"JN579972.1.1541",0.287707236284631,0,5.14181682142577,0,1,NA
"KF842913.1.1420",3.76532717559566,-5.76334533783179,3.17124790706466,-1.81737458146765,0.0691597770903746,NA
"FJ470464.1.1525",1.18153114164376,0,1.85887419902405,0,1,NA
"FN794244.1.1497",2.24393597636081,-3.29087288913075,2.85047486525215,-1.15449987973833,0.248295287842098,NA
"JQ795732.1.1518",908.820697796301,-0.368607756883637,1.25591278638967,-0.293497893228128,0.769141609591003,0.988051144628442
"HQ883945.1.1551",0.172612445332716,-2.36162594637486,2.10781916983615,-1.12041202593221,0.262538222568921,NA
"ADDS01000069.379.1898",0.344387086138895,0,5.14181681564431,0,1,NA
"GALZ01007484.194.1638",18.0445758555277,-2.43583558059061,1.55072821288326,-1.57076885578915,0.116236348710939,0.334680521288392
"KF010736.1.1445",0.483171359475712,0,3.90301757409074,0,1,NA
"DQ532350.1.1524",12.9975412587898,-1.33230154486307,1.30371246289885,-1.02192897803604,0.3068145160726,0.554686110847418
"JN178846.1.1525",0.121114938881851,0,5.14181684912303,0,1,NA
"ABXA01000039.540.2054",16.7036308438785,-1.25764513783813,1.60027216166084,-0.785894529673558,0.431929279622202,0.64254745357629
"FN811195.1.1455",5.30312385001642,-2.37301859956202,3.03827156305213,-0.781042296686008,0.434777618288149,0.64254745357629
"GU305772.1.1500",7.0153427280268,-4.94234381705529,2.48707131268995,-1.987214356033,0.0468986476297799,0.182141259399378
"HQ681994.1.1453",1.56273774552881,0,2.83202785778584,0,1,NA
"JQ825174.1.1458",1.17996820199845,-4.47024822004514,5.12995920239995,-0.871400345241309,0.383535597357284,NA
"AGWQ01000001.1612.3142",0.438152329149909,-2.65253298421608,5.14181680755561,-0.515874657439824,0.605941955138778,NA
"JN082676.1.1481",1.31670912113554,0,2.93973506549471,0,1,NA
"GU731299.1.1390",45.6124261002349,-2.50740630115234,0.907297493520546,-2.7635988405776,0.00571677751668942,0.0397792435536305
"FN563408.1.1215",2.42492584913346,-3.40832251911366,4.3762844109644,-0.778816502550519,0.436087815145969,NA
"HQ121123.1.1458",0.650455120397445,0,5.14181679501195,0,1,NA
"AOQK01000143.3212.4810",0.115523240821031,0,3.43834085740793,0,1,NA
"DQ298283.1.1371",0.363127085707039,0,4.96282474894737,0,1,NA
"JN187532.1.1511",3.31001339291111,-2.30296795700258,1.79286411955268,-1.28451896152463,0.198960433359466,NA
"KF733619.1.1482",2.25410921433363,0,4.5282199413897,0,1,NA
"JN177839.1.1479",0.362882674954422,-1.80270950352446,2.81047620905608,-0.641424929239985,0.52124664052977,NA
"GBKB01000906.322.1853",18669.2156742168,-2.67580941834093,1.22259654718333,-2.18862831283597,0.0286238662385689,0.116791059324475
"GQ492499.1.1357",0.266261804295449,0,4.46543576119678,0,1,NA
"HK556755.1.1486",37.7576847532159,-3.93523456629977,1.67184403644346,-2.35382875466737,0.0185811689392967,0.0969704754019546
"JX548347.1.1509",2.01022325938643,1.15046828615246,2.44737904371491,0.470081775484253,0.638296594140006,NA
"HQ860483.1.1449",4.67483429116706,0,2.25581082105699,0,1,1
"KF842901.1.1378",0.77727491827702,0,2.85407928864427,0,1,NA
"GU455318.1.1451",1.43923315195187,-1.88841495893976,2.77310535032772,-0.680974835202922,0.495887413721187,NA
"DQ808873.1.1403",0.557802911659896,0,5.14181680005555,0,1,NA
"EF509307.1.1494",0.34153862505951,-2.35968445538536,4.46459929303897,-0.528532193037905,0.597130008963424,NA
"JN178087.1.1535",0.495987587830632,0,3.8137787632242,0,1,NA
"AOQH01000134.9789.11348",0.907831759932969,-2.50039932002857,1.59011644330354,-1.57246302970988,0.115843206649511,NA
"GU272299.1.1453",0.289006896218859,0,2.97607746527783,0,1,NA
"KF842622.1.1362",0.855941016003601,0,3.3850388237316,0,1,NA
"HQ883961.1.1547",1.12179919213339,-2.07286410369013,1.41264138030461,-1.46736753757217,0.142276100346094,NA
"HQ883931.1.1537",2.63865330974048,-1.31304945071719,1.60274225379912,-0.819251784000049,0.412642775534856,NA
"FJ940806.1.1506",2.94056388586618,-3.28031559860986,5.03024198766811,-0.652118845703988,0.514324507500019,NA
"JN628990.1.1569",4.08877888974702,-4.66019511833699,2.2024849250673,-2.11588059709176,0.0343549640373852,NA
"HQ739122.1.1450",4.41176224488985,-2.17191411918375,1.81705340404725,-1.19529459857707,0.231971949396675,0.490371082901833
"AY563448.1.1496",1.70088095590516,-2.36110667869215,4.21945177039736,-0.559576648145877,0.575768236655791,NA
"FJ557974.1.1421",1.18853442641278,-2.666500673637,3.19573442189557,-0.834393701606577,0.404059165291326,NA
"CP001628.1564668.1566028",412.960604596564,-2.90443255484697,1.70035769544169,-1.70813033200788,0.0876121618816868,0.27472353028606
"JALV01000036.3467.4991",2.20267861634593,-1.323858207377,2.16505654650781,-0.611465880423473,0.540891199699548,NA
"GQ136604.1.1348",1.31859500268293,0,3.17276962179924,0,1,NA
"KM984489.1.1512",1.43950073281908,0,3.07137292092159,0,1,NA
"DQ793247.1.1384",2.08485161238351,0,3.45322377917097,0,1,NA
"CYUK01000003.1752625.1754089",6.38308561185841,17.1149442983125,1.97636258506433,8.65982002880072,4.72509669724226e-18,7.89091148439458e-16
"LECC01000011.1.1290",2.43018232626345,-1.90297554291975,2.13536196284391,-0.891172352056575,0.372836714444046,NA
"FJ557858.1.1386",9.18252554193437,-1.6691158657633,1.93958591084951,-0.860552686234071,0.389484454089723,0.600298506094362
"GU477345.1.1471",0.432800363970901,-1.95788864468078,2.72192477037627,-0.719302996904697,0.471954249786572,NA
"HQ118978.1.1385",0.51163387298906,0,4.80660494201675,0,1,NA
"GU293227.1.1444",0.504902238681575,0,5.14181680318736,0,1,NA
"JX515496.1.1486",4.96954031650895,-3.30003273821128,2.49774246175138,-1.32120616466493,0.186432631374895,0.451221006371123
"AM111060.1.1503",0.365244968287159,0,5.14181681370297,0,1,NA
"GQ448744.1.1393",0.640600406365606,-2.96285653749961,4.22965189861006,-0.700496544047338,0.483617262680554,NA
"CBUJ010000005.204.1751",5.96053997735806,0,2.06027105015494,0,1,1
"DQ793560.1.1388",1.80849563175883,0,3.69223568823962,0,1,NA
"KF842874.1.1392",0.28706982345897,0,5.14181682146975,0,1,NA
"GQ415379.1.1495",4.86027948645475,0,2.35910563565322,0,1,1
"KF841938.1.1366",1.52158199182871,-2.96603870633091,3.70749813109552,-0.800010843283817,0.42370451477859,NA
"FJ957511.1.1474",22.8510511972243,-0.0161802974073939,1.18046898541426,-0.0137066687963138,0.989064003017795,1
"JQ014308.13.1441",0.292951603389481,0,3.5481032569383,0,1,NA
"KJ890529.1.1486",0.503228912513769,0,4.2354958838452,0,1,NA
"JF313072.1.1494",0.598589715898869,0,3.43009047082824,0,1,NA
"ACKS01000100.344.1864",0.489008895461025,-2.9686755593535,3.39173039285708,-0.875268731738074,0.381427703271363,NA
"HM036005.1.1486",1.73848268751606,-4.73091160964169,3.7709029488139,-1.25458323214862,0.209630093616633,NA
"JQ996667.1.1507",0.190173329710211,0,5.14181683487267,0,1,NA
"GX182404.8.1529",0.908663408583999,-2.68894732579494,2.24922959439788,-1.19549704151691,0.231892891446261,NA
"LQCG01000007.381521.383064",6.9779788520331,-2.92192530382921,1.52114319664642,-1.92087458318915,0.0547475207877297,0.20317413270113
"HQ003516.1.1442",0.159836186430132,0,5.14181684066878,0,1,NA
"GQ448348.1.1394",0.810185144315416,-1.6701694887289,2.89925890850402,-0.576067726766314,0.564569404555184,NA
"CP001601.1487755.1489023",239.020305370395,6.148452742155,1.41894929888965,4.33310249137603,1.47022621724301e-05,0.000223207071163257
"DQ794196.1.1405",2.10105606439924,-1.69260941547199,3.86408608780917,-0.438036155770962,0.661360074102834,NA
"JF830192.1.1516",0.273948098062244,-2.95936975917927,5.14087897103676,-0.575654431051984,0.564848782080243,NA
"GU179616.1.1393",3.26385061661594,0,2.18147220173574,0,1,NA
"KF842135.1.1408",8.52115391197843,-1.13182235500119,1.75326707410898,-0.645550453616079,0.518570533438795,0.733909144782024
"HQ448938.1.1500",5.77965481899079,0,2.55433385817925,0,1,1
"HQ538688.1.1501",1.98013662809623,0,2.06991782043999,0,1,NA
"GDGZ01024135.295.1812",5.14155670451486,-3.77649275307705,1.66954576745945,-2.26198815670908,0.0236981350310416,0.11086524398324
"GQ491333.1.1396",91.2845250820315,-0.285054020048452,0.612771354444167,-0.465188227192865,0.641796668741014,0.857440349437995
"KC820854.1.1430",0.249664389918237,0,5.14181682615648,0,1,NA
"GQ493993.1.1387",14.2365205011762,-3.04224555466837,1.12440175691441,-2.70565706248709,0.00681694033702016,0.0455371614512947
"D14154.1.1375",0.344353489952215,-2.15281550524468,3.55115514128584,-0.606229640664241,0.544362272700011,NA
"LC036219.1.1510",1.6068944240522,-3.73136030842408,4.77456324706282,-0.781508195690886,0.434503658312461,NA
"JF513194.1.1517",1.39933721950523,-4.00673712272115,2.18415137367789,-1.83445944773242,0.0665858221104177,NA
"GCZP01012221.1.1468",6.28537083572774,-2.57558530009439,1.44917456165544,-1.77727747108135,0.0755225984708102,0.255189136978685
"JN626198.1.1514",0.88157823349813,-1.15939527519017,3.50378329473746,-0.330898111458987,0.740721448529108,NA
"HK556750.8.1516",3.6448715301698,-3.48999899888269,2.49490060432949,-1.39885292136544,0.161857092707238,NA
"DQ532240.1.1472",27.0806787318277,-18.0864859463504,3.15512121062484,-5.73242190678583,9.90066232054084e-09,3.30682121506064e-07
"JQ474924.1.1442",0.0590552036897244,0,5.14181684949969,0,1,NA
"HE681228.1.1515",0.277271326600922,0,5.14181682272999,0,1,NA
"AGWM01000009.146.1682",5.1515691616213,0.450773821711795,2.36865135084379,0.190308219718033,0.849067612954225,1
"HQ418457.1.1490",1.4084100616789,0,3.70369182212724,0,1,NA
"JQ795730.1.1495",2.44702257127475,-2.39048499218309,2.30596476773168,-1.03665286895712,0.29989766451496,NA
"JN837495.1.1476",2.03685381908933,-2.68272316447151,2.42811909925127,-1.10485649789532,0.269221774832643,NA
"JN867400.1.1515",1.39635672808258,0,3.42673405874139,0,1,NA
"JX221937.1.1528",0.502127047199869,0,4.91594752726068,0,1,NA
"GQ358914.1.1502",0.138534476292269,-2.16586238989277,1.94160827753754,-1.11549915343359,0.264636581020566,NA
"HQ860754.1.1200",4.29548110942893,0,1.93770765317188,0,1,NA
"GBEF01033141.387.1869",55.0321173212653,-1.93183253306622,1.63307568397485,-1.18294121455793,0.236832446012904,0.492742458111512
"AB374388.1.1497",0.135438767689199,0,5.14181684575682,0,1,NA
"FJ906922.1.1481",11371.6426802042,-13.3266891669464,2.13399624093829,-6.24494500566073,4.23949252242513e-10,1.76998812811249e-08
"FJ983115.1.1241",14.0117043292732,-3.19766270934133,1.88888623701738,-1.69288263457865,0.0904778093756487,0.27472353028606
"DQ794499.1.1389",1.50996588357576,-1.30503302835328,3.45677273735384,-0.377529310576628,0.705780286424355,NA
"FJ832086.1.1515",1.3749827636932,-2.00366327056999,1.54284825141419,-1.29867812257843,0.194054415082768,NA
"JN969338.1.1545",7.7001421246481,-5.83038963123227,2.61735707443314,-2.22758663240284,0.0259080928925928,0.116791059324475
"ATYP01000111.391.1855",1.4748297872955,-2.54780917901911,2.13063986361892,-1.19579532070315,0.231776442416063,NA
"FJ937929.1.1393",5.28189276660354,-2.46478896132237,1.88341668873006,-1.30867958007971,0.190642911519057,0.45481951748118
"HK555333.1.1410",0.694762196849565,-2.66048310847516,3.73344345658219,-0.712608384033415,0.476088122273085,NA
"AF509582.1.1449",3.02115077435476,-1.12137412256896,2.93878949275246,-0.381576878961373,0.702775236777759,NA
"DQ490297.1.1494",1.73188435515134,-3.39874889069535,2.11368176431939,-1.60797568871005,0.107840503376929,NA
"HK555426.1.1506",22.0604449286838,2.61479544915892,2.66360646211956,0.98167484061373,0.326260064029694,0.568060298021115
"LDRI01000051.181.1719",1.14627296353654,0,4.59326663591299,0,1,NA
"GQ503787.1.1505",1.43106043418369,-1.38003604492899,2.08722488187913,-0.661182250609498,0.508495442581764,NA
"New.ReferenceOTU607",37.2217648207596,6.84104926327192,2.15323476215662,3.17710329756152,0.00148754042756656,0.011829488162077
"New.ReferenceOTU601",112.966024464504,-1.84812678042331,1.25978830780041,-1.46701375856562,0.142372312616199,0.389773380441069
"New.ReferenceOTU1",24.2276309252115,-0.165009074983242,4.52842119593626,-0.036438543996596,0.970932680909488,1
"New.ReferenceOTU6",3.16218954023917,-0.499912050950304,2.86198415569114,-0.17467324197313,0.861336394314511,NA
"New.ReferenceOTU1024",2.46658862841704,0,3.14941617135408,0,1,NA
"New.ReferenceOTU321",8.01559880339684,0,2.59564868194078,0,1,1
"New.ReferenceOTU329",8.1025727544502,-0.53994019741193,1.99119198017185,-0.271164309011194,0.786264662178616,1
"New.ReferenceOTU287",0.784211097605711,0,4.13927074786173,0,1,NA
"New.ReferenceOTU785",7.13732853522833,-3.74395198089053,3.94662893313992,-0.948645551511695,0.342800915181439,0.574996750692136
"New.ReferenceOTU781",6.27830762874297,-0.047913376171449,1.42984506250115,-0.0335094881452658,0.973268299636523,1
"New.ReferenceOTU780",3.96070477564899,-0.105957729931351,1.9405481918053,-0.0546019575183948,0.956455579213044,NA
"New.ReferenceOTU57",2.91437946769705,0,2.59139123168774,0,1,NA
"New.ReferenceOTU133",7.58112343123946,0,2.59840715490049,0,1,1
"New.ReferenceOTU130",5.55371513646521,-6.62721316773022,5.11489173237128,-1.29567027309449,0.195089107106866,0.458818302768463
"New.ReferenceOTU131",8.10047423177237,-6.02106280081754,3.30583988779635,-1.82134132480056,0.0685549883552243,0.243589001177074
"New.ReferenceOTU944",3.28547054684065,-2.65604954686271,4.36412074205429,-0.608610463332976,0.542782667368552,NA
"New.ReferenceOTU257",16.1632868208936,-7.50157415790391,2.21270681232204,-3.39022509269164,0.000698352572199116,0.00613815155564486
"New.ReferenceOTU255",24.2226615195819,-3.18074604456242,1.79506062619669,-1.77194351998109,0.0764039332271513,0.255189136978685
"New.ReferenceOTU253",5.17376954397055,0,2.18240631773438,0,1,1
"New.ReferenceOTU251",91.2999787373128,-1.69218549075573,1.48315097099146,-1.14093947538229,0.253895110622066,0.510849198480543
"New.ReferenceOTU250",1.77961951080135,0,5.14181673054803,0,1,NA
"New.ReferenceOTU811",1.32150108550102,-2.97185918075486,3.09938642503696,-0.958854035349729,0.33763228321181,NA
"New.ReferenceOTU953",0.70453534222573,0,3.15485360477456,0,1,NA
"New.ReferenceOTU117",0.471684378840073,0,5.14181680548449,0,1,NA
"New.ReferenceOTU517",4.92059542739742,0,2.47110802951147,0,1,1
"New.ReferenceOTU772",2.94396446927889,-2.66819529706855,3.08148713627594,-0.865879096381083,0.386556467542797,NA
"New.ReferenceOTU1062",2.94392078181199,0,3.38818638905979,0,1,NA
"New.ReferenceOTU1063",142.148220109902,-2.25745692679103,1.80244570229828,-1.25244101606643,0.210409208537508,0.467510033308934
"New.ReferenceOTU674",1.73750800015718,0.934201092578353,4.719224005495,0.197956505453138,0.843079093867793,NA
"New.ReferenceOTU586",4.64817802894124,-2.70952729018797,2.54154691202704,-1.06609375469956,0.28638126250336,0.543473532250695
"New.ReferenceOTU410",4.75588038621247,0,2.95014369945834,0,1,1
"New.ReferenceOTU371",25.177027663515,1.36700910062343,2.06818501161664,0.660970412678352,0.508631288215464,0.725995086598141
"New.ReferenceOTU191",1.10584303432109,0,4.64235011355768,0,1,NA
"New.ReferenceOTU514",2.51072648865628,2.21927345797649,3.23896940294808,0.685178889296246,0.493231043600126,NA
"New.ReferenceOTU1087",2099.01531109471,-3.72799775951863,1.55342704279121,-2.399853779306,0.0164016220859608,0.0913023629451816
"New.ReferenceOTU1080",2.65363006648999,-2.05604974539889,2.01693458331875,-1.01939337170558,0.308016251658727,NA
"New.ReferenceOTU1081",13.3875072658143,0,2.56705677511836,0,1,1
"New.ReferenceOTU1083",1.49452938034783,1.26608044414434,3.88755522433427,0.325675230597181,0.744670086503946,NA
"New.ReferenceOTU999",3.42895499428335,-2.99746762262462,2.63244881711738,-1.13866131152626,0.254844445218887,NA
"New.ReferenceOTU855",61.876819918424,-5.12302337167029,1.13946798798737,-4.49597832118042,6.92507923149216e-06,0.000128498692406577
"New.ReferenceOTU200",4.37295261937756,3.15772324749422,3.00522331576375,1.05074495826335,0.293375741502778,NA
"New.ReferenceOTU209",10.335673398814,0,2.62060594571307,0,1,1
"New.ReferenceOTU920",4.40965905219915,-2.18284614964765,2.42788899069922,-0.899071645371645,0.368614500017739,0.580741712292099
"New.ReferenceOTU480",22.6802329600197,1.21002114411661,1.80455428927098,0.670537401568255,0.502515272198005,0.723448710836783
"New.ReferenceOTU1036",5.99033220413842,-2.68384302203123,2.39299935656495,-1.12153938306267,0.262058337447109,0.514867557101968
"New.ReferenceOTU336",0.781795483619579,-2.13705504068883,3.20913384987258,-0.665928920594471,0.505456534003256,NA
"New.ReferenceOTU332",3.3318531587597,0,2.9416069845711,0,1,NA
"New.ReferenceOTU619",3.13159229940479,0,2.99840069859158,0,1,NA
"New.ReferenceOTU799",0.516967306931975,-1.45550265558105,4.37006212557519,-0.333062234301641,0.739087306061728,NA
"New.ReferenceOTU387",20.6249710006627,-1.73880064569719,2.25330699878748,-0.771666109692485,0.440312208038316,0.645018760898235
"New.ReferenceOTU411",2974.83619280274,-7.25522329928377,1.84224233487226,-3.93825674394073,8.20757458844935e-05,0.000979046397336459
"New.ReferenceOTU37",219.413696174957,3.04872978768394,1.80031909819289,1.69343856361029,0.0903720197022845,0.27472353028606
"New.ReferenceOTU895",0.448853316145934,-2.68036043236238,2.50688895189019,-1.06919791175488,0.284980499501251,NA
"New.ReferenceOTU896",0.766192254286119,0,5.14181678970721,0,1,NA
"New.ReferenceOTU567",8.01159808960008,-4.78777292346474,2.11965829518973,-2.2587475228106,0.0238990945113572,0.11086524398324
"New.ReferenceOTU240",245.157866853264,-2.84209654330972,1.81999966956465,-1.56159179083234,0.118384184606988,0.335087437785882
"New.ReferenceOTU241",11.6018159637704,-0.33431591939661,2.40102491506018,-0.139238838089371,0.889261419050168,1
"New.ReferenceOTU839",5.02264746872483,0,2.86934056651304,0,1,1
"New.ReferenceOTU960",44.20918778431,1.99872960242345,2.17012585169447,0.921020133861274,0.357039915396649,0.578889959914956
"New.ReferenceOTU967",13.0516765728395,-5.96339238090059,1.57284358677861,-3.79147197536303,0.000149757049260209,0.00166729514843033
"New.ReferenceOTU314",25.3065380666449,5.3102259238281,2.28892815420352,2.31996181884351,0.0203429428843641,0.0999197488732003
"New.ReferenceOTU313",6.5034555910332,-4.7781827084518,2.96002062305706,-1.61423966820778,0.106475450772484,0.311954390859733
"New.ReferenceOTU749",4.21680040723142,-1.37400577589537,1.60673959775439,-0.855151499232173,0.392467282449528,NA
"New.ReferenceOTU748",4.76882651220678,-2.67894168403591,2.5590042168229,-1.04686880405454,0.29516009158933,0.547685947726868
"New.ReferenceOTU665",0.599422147993804,0,4.77543477190905,0,1,NA
"New.ReferenceOTU1079",0.71424070370415,-1.98428824137452,4.37104790809522,-0.45396167763332,0.649856409612785,NA
"New.ReferenceOTU1077",7.04884716436753,0,3.02525575281715,0,1,1
"New.ReferenceOTU1006",22.368632636459,0.949646187105624,2.10305081016184,0.451556463836717,0.651588539610913,0.863613381865258
"New.ReferenceOTU694",0.28026119384557,0,5.14181682240076,0,1,NA
"New.ReferenceOTU341",0.725495878669166,-2.6542978218612,4.70381482006652,-0.564286206705659,0.572559367041494,NA
"New.ReferenceOTU340",11.8611815046004,0.16006947922297,2.04148332049392,0.0784084188276601,0.937503176894391,1
"New.ReferenceOTU789",22.9768131865114,-0.305499006630311,1.68831415063397,-0.180949147713767,0.856407491239244,1
"New.ReferenceOTU119",18.1044084277212,-3.45360316437696,2.34430396779144,-1.47318914774972,0.140700040488079,0.389773380441069
"New.ReferenceOTU449",329.576766105349,2.90568851350091,1.68721337296396,1.72218200736309,0.0850365531420261,0.273098161052276
"New.ReferenceOTU444",2.47935381708118,0,3.40912637353226,0,1,NA
"New.ReferenceOTU286",0.347223143583953,0,5.14181681537321,0,1,NA
"New.ReferenceOTU568",1.0559012030644,-2.96569036583268,3.7555994056489,-0.78967164638803,0.429719554188751,NA
"New.ReferenceOTU238",1.50364056069575,2.19032785716721,3.16058255151853,0.693013968616273,0.488300785402276,NA
"New.ReferenceOTU833",21.5430689841486,-1.95716454298882,2.17343622859687,-0.900493199311547,0.367857842823063,0.580741712292099
"New.ReferenceOTU90",55.9665833578587,2.14504530696218,1.27577339224339,1.68136858787297,0.0926913430254554,0.27641882652234
"New.ReferenceOTU97",40.6891627364854,-1.0893435207486,1.04868752704002,-1.03876845357676,0.298912436183771,0.548553591677909
"New.ReferenceOTU99",5.66655917640407,-2.30172028046308,2.03412369934868,-1.13155374041416,0.25782209783235,0.512574884976219
"New.ReferenceOTU499",3.61152427636649,-2.47986482040735,1.33140441146738,-1.8625932128873,0.0625195199741207,NA
"New.ReferenceOTU715",5.30209723990576,0,2.73307738372009,0,1,1
"New.ReferenceOTU497",1.21173624515088,0,3.77336890459156,0,1,NA
"New.ReferenceOTU1040",12.3923498320662,19.8971677698522,3.03904268585623,6.54718272384065,5.86326092825974e-11,3.26388191673126e-09
"New.ReferenceOTU143",5.1861972276827,0.0842856135292162,1.63740279123124,0.0514751861793504,0.958946874192067,1
"New.ReferenceOTU302",1.87083317247415,-3.21636134197574,2.81171592236505,-1.14391404778557,0.2526592845809,NA
"New.ReferenceOTU158",6.24598395231737,-2.36052853054889,2.4401185839437,-0.967382710857365,0.333352749736942,0.568060298021115
"New.ReferenceOTU26",22.8351325078283,-2.23335217795273,2.4052379792265,-0.92853688376855,0.353129144508451,0.578162422871679
"New.ReferenceOTU473",0.67377705273318,-2.65406263927298,4.75660333165584,-0.557974347284718,0.576861901369751,NA
"New.ReferenceOTU479",4.43210101211555,0,2.8724686438155,0,1,1
"New.ReferenceOTU278",0.2377685360839,-2.65309978700685,5.1418216738412,-0.515984403057848,0.605865302645631,NA
"New.ReferenceOTU878",1.08929960692525,0,5.14181674934588,0,1,NA
"New.ReferenceOTU874",27.7665637621898,0,3.28596945955955,0,1,1
"New.ReferenceOTU872",0.781430637006147,0,4.17507911528583,0,1,NA
"New.ReferenceOTU882",1.13031997121299,-2.6681256247522,3.08557078383035,-0.86471055492691,0.387197674771997,NA
"New.ReferenceOTU617",12.6465330501457,-2.17011345821057,1.85213031518022,-1.1716850809169,0.241323514995329,0.492742458111512
"New.ReferenceOTU902",6.09881204948946,17.7815219858919,2.61737056350701,6.79365858003173,1.09324941613719e-11,9.12863262474551e-10
"New.ReferenceOTU901",2.17665666693643,2.60908623605904,3.58296311837466,0.728192322906911,0.466495864705735,NA
"New.ReferenceOTU905",25.3603887773303,-1.59766981506757,1.85525655347979,-0.861158426887601,0.389150793449651,0.600298506094362
"New.ReferenceOTU909",3.51790101168353,-5.07593599365307,2.74682424272625,-1.84792893360194,0.0646126242393872,NA
"New.ReferenceOTU544",0.353491301495574,-2.6525505677506,5.14181681493896,-0.515878076411419,0.605939567071813,NA
"New.ReferenceOTU508",3.29992161711986,1.58964119822178,1.65404333660327,0.961063814377592,0.336520082600054,NA
"New.ReferenceOTU1019",0.519305353852525,-2.65629208935021,4.31359858360822,-0.615794918758593,0.5380298814338,NA
"New.ReferenceOTU1016",3.98501993804271,0,3.72988375323545,0,1,NA
"New.ReferenceOTU1013",53.9780322302537,0,2.07256888051164,0,1,1
"New.ReferenceOTU1010",47.794958125839,-9.85761944835038,2.33170436935022,-4.22764548453345,2.36149481440097e-05,0.000303361256926894
"New.ReferenceOTU684",1.42697973351412,0,4.12743308091211,0,1,NA
"New.ReferenceOTU685",24.8638031196198,0.902991382094881,1.57279966185071,0.574129944199209,0.565879871499908,0.787516154504038
"New.ReferenceOTU686",0.240518849353894,-2.65252164215776,5.14181684256199,-0.515872448081232,0.605943498323264,NA
"New.ReferenceOTU350",3.88557897226661,-2.66704209341259,3.15911340892045,-0.844237527491611,0.398536687976127,NA
"New.ReferenceOTU728",10.9467965648417,-1.76264640552203,2.20852689586839,-0.798109549319737,0.42480692035793,0.639123925223192
"New.ReferenceOTU357",0.429891764763138,-2.65365555082463,4.85000651647568,-0.547144739251389,0.584279297694289,NA
"New.ReferenceOTU354",0.445785966555391,-2.65255471764516,5.14181680731547,-0.515878884263489,0.60593900280777,NA
"New.ReferenceOTU722",0.301577420390822,-2.35678792444694,5.13871825499466,-0.458633419366051,0.646497433614472,NA
"New.ReferenceOTU358",3.25450670356121,-1.18256490194333,2.97582976197703,-0.397389970707761,0.691079910151352,NA
"New.ReferenceOTU818",13.7520366567548,-0.572535616088441,1.67755695824895,-0.341291312508434,0.732884287349151,0.948772682072157
"New.ReferenceOTU432",1.9975149344382,1.16688444329736,2.64345361851801,0.441424216836285,0.658905913612078,NA
"New.ReferenceOTU590",2.56113710551772,-3.29706741910345,2.39694448695594,-1.37552931953407,0.1689674023735,NA
"New.ReferenceOTU547",0.333662438797285,-1.97487688472534,5.13496827650758,-0.384593784884782,0.700538399551565,NA
"New.ReferenceOTU820",1.36940731934694,0,3.76497021895968,0,1,NA
"New.ReferenceOTU821",29.0473531135937,3.51664596052341,1.82417341065507,1.92780244464838,0.0538797035406098,0.20317413270113
"New.ReferenceOTU943",30.6902622522028,12.4531342205545,2.50699320439962,4.96735858665274,6.78710173848421e-07,1.88907665054477e-05
"New.ReferenceOTU697",1.85656674159425,-1.84437101698869,2.45677106107664,-0.750729706243131,0.452815341302477,NA
"New.ReferenceOTU83",7.59252504969525,0,2.22288497879174,0,1,1
"New.ReferenceOTU85",3.49831704948471,0,2.98415728913794,0,1,NA
"New.ReferenceOTU931",1.46747096769178,-2.26660314261399,3.00869633666135,-0.753350584103534,0.451239269333615,NA
"New.ReferenceOTU1110",39.6291395795991,-1.82415441173423,1.74198140264753,-1.04717215061068,0.295020187290465,0.547685947726868
"New.ReferenceOTU1116",52.1780187166297,-4.01888752330068,1.82608307379916,-2.20082403750635,0.0277484832064367,0.116791059324475
"New.ReferenceOTU1056",3.69884514709376,-5.19752843187506,4.83957962543626,-1.07396278894916,0.282839359649306,NA
"New.ReferenceOTU649",0.999573287522351,0,3.375313923542,0,1,NA
"New.ReferenceOTU642",7.45544016153598,2.07828747403709,2.89121813956897,0.718827626872499,0.472247133221643,0.685784967374039
"New.ReferenceOTU643",17.4688490569159,0.29418501965825,1.36533338562116,0.215467535443301,0.829402820578846,1
"New.ReferenceOTU366",16.3169767930883,13.6026972220169,4.06956532170951,3.34254303511284,0.000830144818098343,0.00693170923112117
"New.ReferenceOTU161",0.223937130923953,0,5.14181683429568,0,1,NA
"New.ReferenceOTU182",3.5480854660779,-1.64981474694901,1.70126196258877,-0.969759380523931,0.33216644417814,NA
"New.ReferenceOTU180",2.07364147720637,-5.10376438161299,5.12413297502797,-0.996024967830804,0.319238014031334,NA
"New.ReferenceOTU187",5.39466840782819,-4.18686206051063,3.10332594593515,-1.34915317741429,0.177287770615955,0.435397907248008
"New.ReferenceOTU189",0.411578924133966,0,5.14181680984865,0,1,NA
"New.ReferenceOTU58",3.29834075255978,-2.17442082672235,1.91350109402206,-1.13635724249932,0.255807082817652,NA
"New.ReferenceOTU466",2.27975430866389,-2.67338582834085,2.79351110765755,-0.956998460114436,0.338568032245709,NA
"New.ReferenceOTU987",39.6444211583202,-2.1623436164516,2.59510146629501,-0.833240489644033,0.40470911142946,0.614422014624726
"New.ReferenceOTU546",0.604858935326395,0,4.78448466674095,0,1,NA
"New.ReferenceOTU213",19.9289922639639,-0.788645925567637,1.960141482662,-0.402341327166142,0.687432843849023,0.903947125376275
"New.ReferenceOTU217",0.515567361792689,-1.99377054728206,3.86335769542299,-0.516071952033882,0.605804156644229,NA
"New.ReferenceOTU215",0.863848304837145,-2.66272806681782,3.50404246809516,-0.759901768047154,0.447313304707122,NA
"New.CleanUp.ReferenceOTU358",1.04796457029882,-2.26190400920243,2.57341383173609,-0.878950746789332,0.379427981732517,NA
"New.CleanUp.ReferenceOTU3857",1.00678656157832,-2.65438321409731,4.69106063215746,-0.565838607137451,0.571503499001021,NA
"New.CleanUp.ReferenceOTU3940",4.03102181438417,-3.81514635223874,4.22645281343807,-0.90268282189462,0.366694255989843,NA
"New.CleanUp.ReferenceOTU3964",2.11459879555545,-3.46656938740229,3.44844268807028,-1.00525648849979,0.314773360984283,NA
"New.CleanUp.ReferenceOTU10215",5.21426560691477,0,3.4409068420075,0,1,1
"New.CleanUp.ReferenceOTU10576",16.8632443326182,-4.54043588400403,1.21471173670364,-3.73787109057281,0.000185585052904349,0.0018250722729811
"New.CleanUp.ReferenceOTU12122",1.62466140272049,0,4.13905939004187,0,1,NA
"New.CleanUp.ReferenceOTU13672",0.489080287816557,0,4.79280484553765,0,1,NA
"New.CleanUp.ReferenceOTU16496",8.45380748012128,-2.59107895186598,1.80039561821016,-1.43917199400977,0.150101798151644,0.404306456311685
"New.CleanUp.ReferenceOTU17896",0.232938378552796,-1.65062678512793,3.32181815149335,-0.496904619654113,0.619256313659502,NA
"New.CleanUp.ReferenceOTU18377",4.96776482525049,-1.96483207856765,2.29446223093043,-0.856336640490649,0.39181159978614,0.600298506094362
"New.CleanUp.ReferenceOTU21219",3.70186722346533,-2.0328156258289,2.79587187608457,-0.727077532850227,0.467178461066516,NA
"New.CleanUp.ReferenceOTU22503",0.155824638613516,-2.65253624701138,5.14181684124721,-0.51587528862035,0.605941514274499,NA
"New.CleanUp.ReferenceOTU23731",1.51847224941089,0,1.89645873986764,0,1,NA
"New.CleanUp.ReferenceOTU23865",2.21633067690491,0,3.12483032819559,0,1,NA
"New.CleanUp.ReferenceOTU24716",0.514934533040745,0,5.14181680255331,0,1,NA
"New.CleanUp.ReferenceOTU25360",1.01781967668734,-1.26070667251628,1.92017337287459,-0.656558772413839,0.511464665413916,NA
"New.CleanUp.ReferenceOTU29997",5.83364766236707,3.95853541716596,2.21508322021896,1.78708202971023,0.0739242314820048,0.255189136978685
"New.CleanUp.ReferenceOTU30395",0.660891398853942,-2.65256170615126,5.14181679447745,-0.515880244702657,0.605938052576279,NA
"New.CleanUp.ReferenceOTU32507",0.251396036302639,-2.12818149268294,4.5368094765944,-0.469092101764978,0.639003804373315,NA
"New.CleanUp.ReferenceOTU33229",0.230954224956583,0,4.56565050983197,0,1,NA
"New.CleanUp.ReferenceOTU34196",4.46810874459425,-2.15810742089178,2.14046097506424,-1.00824422684324,0.31333723068328,0.556673590681997
"New.CleanUp.ReferenceOTU34340",5.81944704984068,-5.12325415940063,2.34157748752252,-2.18794986999181,0.0286732540856497,0.116791059324475
"New.CleanUp.ReferenceOTU35266",0.528909319294114,0,5.14181680168023,0,1,NA
"New.CleanUp.ReferenceOTU37101",15.0726425872735,-5.97548492678608,5.10664931976878,-1.17013809890056,0.241945398593677,0.492742458111512
"New.CleanUp.ReferenceOTU37130",4.1056838618964,-1.59437912536693,2.14335586545591,-0.743870465499109,0.456954844704703,NA
"New.CleanUp.ReferenceOTU39544",0.891870708994488,-2.25846310341,3.52627221191332,-0.640467600822168,0.521868646116402,NA
"New.CleanUp.ReferenceOTU42898",3.18313802660632,0.175293400516836,1.64806627858405,0.106363077016199,0.915294287126459,NA
"New.CleanUp.ReferenceOTU46475",1.02378533095822,-0.778903874778917,3.49152039646223,-0.223084440683245,0.823469787768255,NA
"New.CleanUp.ReferenceOTU47803",0.22037965631837,0,5.14181683010108,0,1,NA
"New.CleanUp.ReferenceOTU51275",1.33356034086399,0,2.93354559704281,0,1,NA
"New.CleanUp.ReferenceOTU52948",1.60377591751897,-2.97170456008358,2.01728822821255,-1.47311847584452,0.140719092366175,NA
"New.CleanUp.ReferenceOTU56384",5.68662616366019,-3.57871652233058,2.97274644955306,-1.20384182878046,0.228650719013734,0.489547052247353
"New.CleanUp.ReferenceOTU59693",1.45968185808333,-2.98690895149085,2.3099678960217,-1.29305214874847,0.195993023445171,NA
"New.CleanUp.ReferenceOTU60648",3.04210724287532,-5.01851379543442,2.10810528217135,-2.3805802479966,0.0172853956732361,NA
"New.CleanUp.ReferenceOTU62324",3.47485678794028,-5.34302477418314,3.31993384348313,-1.60937688100961,0.107533957360824,NA
"New.CleanUp.ReferenceOTU65165",0.596823222472555,0,5.14181679785042,0,1,NA
"New.CleanUp.ReferenceOTU66862",0.118306206359756,-2.6592823681559,3.87286480264394,-0.686644771679212,0.492306607685314,NA
"New.CleanUp.ReferenceOTU67868",1.3940015912737,0,5.1418167391105,0,1,NA
"New.CleanUp.ReferenceOTU67929",1.22747644385328,-2.28357870333562,3.16160720352298,-0.722284128398692,0.470119808949944,NA
"New.CleanUp.ReferenceOTU69187",15.4723101289392,-7.77801343716552,3.27741303153682,-2.37321734011606,0.0176338842452465,0.09499544093407
"New.CleanUp.ReferenceOTU70655",0.740186370044971,-2.69194308945058,2.17564030735807,-1.23731072656925,0.215971747126665,NA
"New.CleanUp.ReferenceOTU71087",0.404274294464834,-2.16227861474351,3.04350053453391,-0.710457773937814,0.477420307282253,NA
"New.CleanUp.ReferenceOTU74328",1.15114183268604,-1.84419148000099,2.46177892319652,-0.749129608115412,0.45377909098117,NA
"New.CleanUp.ReferenceOTU74485",0.580371397631876,-2.14111205599469,2.88898607484442,-0.741129240683514,0.458615081640284,NA
"New.CleanUp.ReferenceOTU74525",0.801308154278234,0,2.33953023112524,0,1,NA
"New.CleanUp.ReferenceOTU74572",2.08816299778569,-2.37134789971775,3.14782162275671,-0.753329821033837,0.451251743051108,NA
"New.CleanUp.ReferenceOTU74807",16.3069736790311,-4.26209303126597,3.34255101206601,-1.2751018655753,0.202273189164807,0.462734556034558
"New.CleanUp.ReferenceOTU75841",0.632204326246974,-1.02943551894147,3.54107790497295,-0.290712474158157,0.771271230460872,NA
"New.CleanUp.ReferenceOTU77888",0.256712519589938,0,5.14181682510553,0,1,NA
"New.CleanUp.ReferenceOTU79766",1.00102269842105,0,3.79605924827159,0,1,NA
"New.CleanUp.ReferenceOTU80843",1.08848571977448,-2.41666469021963,1.78031052534986,-1.35743998353586,0.17464145104108,NA
"New.CleanUp.ReferenceOTU81257",0.1890272926477,-1.5532401006822,5.13181403160622,-0.302668820638469,0.762142261415731,NA
"New.CleanUp.ReferenceOTU83835",0.516315580659676,0,3.4782898214633,0,1,NA
"New.CleanUp.ReferenceOTU84464",1.69567866231799,0,4.15001875803114,0,1,NA
"New.CleanUp.ReferenceOTU86119",0.904851485075274,-2.65965322154149,3.83156070977838,-0.694143567855753,0.487592178410533,NA
"New.CleanUp.ReferenceOTU88953",0.383382037861069,-2.6529354879613,5.03767435478335,-0.526619090700512,0.59845813199782,NA
"New.CleanUp.ReferenceOTU90489",0.586786681010131,0,3.41842024839778,0,1,NA
"New.CleanUp.ReferenceOTU91025",0.242640001091762,-2.85899309093342,5.14124552043642,-0.556089585601181,0.578149614173707,NA
"New.CleanUp.ReferenceOTU91788",0.17733241092417,-2.6525384874473,5.14181683713129,-0.515875724761756,0.605941209640395,NA
"New.CleanUp.ReferenceOTU93306",1.13203317450523,-1.95566901610043,2.91381185012969,-0.671172030552826,0.502110944305065,NA
"New.CleanUp.ReferenceOTU95937",1.45389923362319,0,2.53330566072537,0,1,NA
"New.CleanUp.ReferenceOTU96084",10.6178174733514,-3.25099810822704,1.25714312734472,-2.58602066663136,0.00970911088647869,0.0623623660785362
"New.CleanUp.ReferenceOTU102324",0.185934103687971,0,5.14181683553298,0,1,NA
"New.CleanUp.ReferenceOTU105829",5.37651238237018,-4.47625409034672,3.2759734473003,-1.36638900233931,0.171816898803479,0.434472178798442
"New.CleanUp.ReferenceOTU107792",0.9129018205543,0,3.06180136014626,0,1,NA
